{"cameraMode":{"drawMode":0,"name":"Shaded","section":"Shading Mode"},"sceneLighting":true,"audioPlay":false,"sceneViewState":{"showFog":true,"showMaterialUpdate":false,"showSkybox":true,"showFlares":true,"showImageEffects":true,"showParticleSystems":true},"in2DMode":false,"pivot":{"x":-9.896158218383789,"y":-6.413724899291992,"z":75.9186782836914},"rotation":{"x":0.00977860577404499,"y":0.9708654284477234,"z":-0.23604431748390199,"w":0.040215130895376208},"size":69.04106903076172,"orthographic":false}